{
	"name": "box",
	"plugin-id": "Sprite",
	"sid": 368627709592727,
	"isGlobal": false,
	"instanceVariables": [],
	"behaviorTypes": [
		{
			"behaviorId": "solid",
			"name": "Solid",
			"sid": 715345868013751
		}
	],
	"effectTypes": [],
	"animations": {
		"items": [
			{
				"frames": [
					{
						"width": 292,
						"height": 457,
						"originX": 0.6575342465753424,
						"originY": 0.5087527352297593,
						"originalSource": "",
						"exportFormat": "png",
						"exportQuality": 0.8,
						"imageSpriteId": 9220976,
						"collisionPoly": {
							"points": [
								0.032211850506460485,
								0.08091804631683168,
								0.5079112261723427,
								0.005963283355725867,
								0.9785200170213445,
								0.07487650780986697,
								1,
								0.8442742523705324,
								0.6478289639646525,
								1,
								0.031650940974335226,
								0.9198943147548057
							]
						},
						"useCollisionPoly": true,
						"duration": 1
					}
				],
				"sid": 887163177756363,
				"name": "idol",
				"isLooping": false,
				"isPingPong": false,
				"repeatCount": 1,
				"repeatTo": 0,
				"speed": 5
			}
		],
		"subfolders": []
	}
}