{
	"name": "catfood",
	"plugin-id": "Sprite",
	"sid": 709966236242295,
	"isGlobal": false,
	"instanceVariables": [],
	"behaviorTypes": [
		{
			"behaviorId": "Physics",
			"name": "Physics",
			"sid": 970007479634578
		}
	],
	"effectTypes": [],
	"animations": {
		"items": [
			{
				"frames": [
					{
						"width": 564,
						"height": 799,
						"originX": 0.48226950354609927,
						"originY": 0.9787234042553191,
						"originalSource": "",
						"exportFormat": "png",
						"exportQuality": 0.8,
						"imageSpriteId": 2039832,
						"collisionPoly": {
							"points": [
								0.0712682845744681,
								0.058412859824780956,
								0.5,
								0,
								0.9024822695035464,
								0.04702166770963705,
								1,
								0.5018773466833542,
								0.9674340647163131,
								1,
								0.03796819592198578,
								0.9993742177722151,
								0,
								0.5018773466833542
							]
						},
						"useCollisionPoly": true,
						"duration": 1
					}
				],
				"sid": 382627906613334,
				"name": "idol",
				"isLooping": false,
				"isPingPong": false,
				"repeatCount": 1,
				"repeatTo": 0,
				"speed": 5
			}
		],
		"subfolders": []
	}
}