{
	"name": "catsand",
	"plugin-id": "Sprite",
	"sid": 830811902251928,
	"isGlobal": false,
	"instanceVariables": [],
	"behaviorTypes": [],
	"effectTypes": [],
	"animations": {
		"items": [
			{
				"frames": [
					{
						"width": 514,
						"height": 194,
						"originX": 0.4961089494163424,
						"originY": 0.9639175257731959,
						"originalSource": "",
						"exportFormat": "png",
						"exportQuality": 0.8,
						"imageSpriteId": 4853237,
						"collisionPoly": {
							"points": [
								0.9974730970330737,
								0.006372825386597938,
								0.9134165248054477,
								0.9988120167525774,
								0.08898498297665376,
								0.9994060083762887,
								0.00779350072957198,
								0.004087467783505154
							]
						},
						"useCollisionPoly": true,
						"duration": 1
					}
				],
				"sid": 894210465545140,
				"name": "un press",
				"isLooping": false,
				"isPingPong": false,
				"repeatCount": 1,
				"repeatTo": 0,
				"speed": 5
			},
			{
				"frames": [
					{
						"width": 514,
						"height": 194,
						"originX": 0.49416342412451364,
						"originY": 0.9742268041237113,
						"originalSource": "",
						"exportFormat": "png",
						"exportQuality": 0.8,
						"imageSpriteId": 7239859,
						"collisionPoly": {
							"points": [
								0.5,
								0,
								0.9999962001459144,
								0.00350354381443299,
								0.8966439688715955,
								0.9939694748711342,
								0.09833642388132299,
								0.9879590850515464,
								0.002857490272373536,
								0.004580782860824742
							]
						},
						"useCollisionPoly": true,
						"duration": 1
					},
					{
						"width": 514,
						"height": 224,
						"originX": 0.49416342412451364,
						"originY": 0.9742268041237113,
						"originalSource": "",
						"exportFormat": "png",
						"exportQuality": 0.8,
						"imageSpriteId": 6328697,
						"collisionPoly": {
							"points": [
								0.5,
								0,
								0.9999962001459144,
								0.00350354381443299,
								0.8966439688715955,
								0.9939694748711342,
								0.09833642388132299,
								0.9879590850515464,
								0.002857490272373536,
								0.004580782860824742
							]
						},
						"useCollisionPoly": true,
						"duration": 1
					},
					{
						"width": 514,
						"height": 278,
						"originX": 0.49416342412451364,
						"originY": 0.9742268041237113,
						"originalSource": "",
						"exportFormat": "png",
						"exportQuality": 0.8,
						"imageSpriteId": 1094320,
						"collisionPoly": {
							"points": [
								0.5,
								0,
								0.9999962001459144,
								0.00350354381443299,
								0.8966439688715955,
								0.9939694748711342,
								0.09833642388132299,
								0.9879590850515464,
								0.002857490272373536,
								0.004580782860824742
							]
						},
						"useCollisionPoly": true,
						"duration": 1
					},
					{
						"width": 514,
						"height": 302,
						"originX": 0.49416342412451364,
						"originY": 0.9742268041237113,
						"originalSource": "",
						"exportFormat": "png",
						"exportQuality": 0.8,
						"imageSpriteId": 550878,
						"collisionPoly": {
							"points": [
								0.5,
								0,
								0.9999962001459144,
								0.00350354381443299,
								0.8966439688715955,
								0.9939694748711342,
								0.09833642388132299,
								0.9879590850515464,
								0.002857490272373536,
								0.004580782860824742
							]
						},
						"useCollisionPoly": true,
						"duration": 1
					},
					{
						"width": 514,
						"height": 294,
						"originX": 0.49416342412451364,
						"originY": 0.9742268041237113,
						"originalSource": "",
						"exportFormat": "png",
						"exportQuality": 0.8,
						"imageSpriteId": 6294621,
						"collisionPoly": {
							"points": [
								0.5,
								0,
								0.9999962001459144,
								0.00350354381443299,
								0.8966439688715955,
								0.9939694748711342,
								0.09833642388132299,
								0.9879590850515464,
								0.002857490272373536,
								0.004580782860824742
							]
						},
						"useCollisionPoly": true,
						"duration": 1
					},
					{
						"width": 514,
						"height": 194,
						"originX": 0.49416342412451364,
						"originY": 0.9742268041237113,
						"originalSource": "",
						"exportFormat": "png",
						"exportQuality": 0.8,
						"imageSpriteId": 374037,
						"collisionPoly": {
							"points": [
								0.5,
								0,
								0.9999962001459144,
								0.00350354381443299,
								0.8966439688715955,
								0.9939694748711342,
								0.09833642388132299,
								0.9879590850515464,
								0.002857490272373536,
								0.004580782860824742
							]
						},
						"useCollisionPoly": true,
						"duration": 1
					}
				],
				"sid": 125517431744718,
				"name": "pressed",
				"isLooping": false,
				"isPingPong": false,
				"repeatCount": 1,
				"repeatTo": 0,
				"speed": 7
			}
		],
		"subfolders": []
	}
}