{
	"name": "d7fwirva5d28b88f7c046e59a464ee808d",
	"plugin-id": "Sprite",
	"sid": 442010577634790,
	"isGlobal": false,
	"instanceVariables": [],
	"behaviorTypes": [],
	"effectTypes": [],
	"animations": {
		"items": [
			{
				"frames": [
					{
						"width": 595,
						"height": 510,
						"originX": 0.5,
						"originY": 0.5,
						"originalSource": "",
						"exportFormat": "png",
						"exportQuality": 0.8,
						"imageSpriteId": 2280207,
						"useCollisionPoly": true,
						"duration": 1
					}
				],
				"sid": 803240798650304,
				"name": "Default",
				"isLooping": false,
				"isPingPong": false,
				"repeatCount": 1,
				"repeatTo": 0,
				"speed": 5
			}
		],
		"subfolders": []
	}
}