{
	"name": "death",
	"plugin-id": "Sprite",
	"sid": 953321391598904,
	"isGlobal": false,
	"instanceVariables": [],
	"behaviorTypes": [],
	"effectTypes": [],
	"animations": {
		"items": [
			{
				"frames": [
					{
						"width": 252,
						"height": 226,
						"originX": 0.5,
						"originY": 0.4424778761061947,
						"originalSource": "",
						"exportFormat": "png",
						"exportQuality": 0.8,
						"imageSpriteId": 8165746,
						"collisionPoly": {
							"points": [
								0.003968253968253968,
								0,
								0.996031746031746,
								0,
								0.996031746031746,
								0.995575221238938,
								0.003968253968253968,
								0.995575221238938
							]
						},
						"useCollisionPoly": true,
						"duration": 1
					}
				],
				"sid": 621220677075872,
				"name": "Animation 1",
				"isLooping": false,
				"isPingPong": false,
				"repeatCount": 1,
				"repeatTo": 0,
				"speed": 5
			}
		],
		"subfolders": []
	}
}