{
	"name": "dontTouch",
	"plugin-id": "Sprite",
	"sid": 617298023900862,
	"isGlobal": false,
	"instanceVariables": [],
	"behaviorTypes": [],
	"effectTypes": [],
	"animations": {
		"items": [
			{
				"frames": [
					{
						"width": 195,
						"height": 191,
						"originX": 0.47692307692307695,
						"originY": 0.38219895287958117,
						"originalSource": "",
						"exportFormat": "png",
						"exportQuality": 0.8,
						"imageSpriteId": 4498848,
						"useCollisionPoly": true,
						"duration": 1
					}
				],
				"sid": 722059179122685,
				"name": "idol",
				"isLooping": false,
				"isPingPong": false,
				"repeatCount": 1,
				"repeatTo": 0,
				"speed": 5
			}
		],
		"subfolders": []
	}
}