{
	"name": "woolen",
	"plugin-id": "Sprite",
	"sid": 836120426260192,
	"isGlobal": false,
	"instanceVariables": [],
	"behaviorTypes": [
		{
			"behaviorId": "Sin",
			"name": "Sine",
			"sid": 979451906190121
		}
	],
	"effectTypes": [],
	"animations": {
		"items": [
			{
				"frames": [
					{
						"width": 70,
						"height": 70,
						"originX": 0.42857142857142855,
						"originY": 0.9857142857142858,
						"originalSource": "",
						"exportFormat": "png",
						"exportQuality": 0.8,
						"imageSpriteId": 7711302,
						"useCollisionPoly": true,
						"duration": 1
					}
				],
				"sid": 884473787240894,
				"name": "Animation 1",
				"isLooping": false,
				"isPingPong": false,
				"repeatCount": 1,
				"repeatTo": 0,
				"speed": 5
			}
		],
		"subfolders": []
	}
}