{
	"name": "Event sheet 1",
	"events": [
		{
			"eventType": "group",
			"disabled": false,
			"title": "cat animation",
			"description": "",
			"isActiveOnStart": true,
			"children": [
				{
					"eventType": "block",
					"conditions": [
						{
							"id": "on-moved",
							"objectClass": "cat",
							"sid": 841392164148832,
							"behaviorType": "Platform"
						}
					],
					"actions": [
						{
							"id": "set-animation",
							"objectClass": "cat",
							"sid": 674091290577658,
							"parameters": {
								"animation": "\"wolk\"",
								"from": "beginning"
							}
						}
					],
					"sid": 911887794414963
				},
				{
					"eventType": "block",
					"conditions": [
						{
							"id": "on-stopped",
							"objectClass": "cat",
							"sid": 165879406832364,
							"behaviorType": "Platform"
						}
					],
					"actions": [
						{
							"id": "set-animation",
							"objectClass": "cat",
							"sid": 901964613231844,
							"parameters": {
								"animation": "\"idol\"",
								"from": "beginning"
							}
						}
					],
					"sid": 743133649378762
				},
				{
					"eventType": "block",
					"conditions": [
						{
							"id": "on-key-pressed",
							"objectClass": "Keyboard",
							"sid": 115383958461525,
							"parameters": {
								"key": 37
							}
						}
					],
					"actions": [
						{
							"id": "set-mirrored",
							"objectClass": "cat",
							"sid": 818166323211090,
							"parameters": {
								"state": "mirrored"
							}
						}
					],
					"sid": 463268249807059
				},
				{
					"eventType": "block",
					"conditions": [
						{
							"id": "on-key-pressed",
							"objectClass": "Keyboard",
							"sid": 196842892927391,
							"parameters": {
								"key": 39
							}
						}
					],
					"actions": [
						{
							"id": "set-mirrored",
							"objectClass": "cat",
							"sid": 425589939233323,
							"parameters": {
								"state": "not-mirrored"
							}
						}
					],
					"sid": 664519466922279
				},
				{
					"eventType": "block",
					"conditions": [
						{
							"id": "on-key-pressed",
							"objectClass": "Keyboard",
							"sid": 479637944762064,
							"parameters": {
								"key": 40
							}
						}
					],
					"actions": [
						{
							"id": "set-animation",
							"objectClass": "cat",
							"sid": 614449695129683,
							"parameters": {
								"animation": "\"wolk_to_idol\"",
								"from": "beginning"
							}
						}
					],
					"sid": 990211126667205
				},
				{
					"eventType": "block",
					"conditions": [
						{
							"id": "on-key-pressed",
							"objectClass": "Keyboard",
							"sid": 439030814561296,
							"parameters": {
								"key": 38
							}
						}
					],
					"actions": [
						{
							"id": "set-animation",
							"objectClass": "cat",
							"sid": 322880847722955,
							"parameters": {
								"animation": "\"idol\"",
								"from": "beginning"
							}
						}
					],
					"sid": 532393097493745
				},
				{
					"eventType": "block",
					"conditions": [
						{
							"id": "on-jump",
							"objectClass": "cat",
							"sid": 344663030686527,
							"behaviorType": "Platform"
						}
					],
					"actions": [
						{
							"id": "set-animation",
							"objectClass": "cat",
							"sid": 589821735812065,
							"parameters": {
								"animation": "\"jump\"",
								"from": "beginning"
							}
						}
					],
					"sid": 627885537341412
				},
				{
					"eventType": "block",
					"conditions": [
						{
							"id": "on-landed",
							"objectClass": "cat",
							"sid": 546141641486470,
							"behaviorType": "Platform"
						},
						{
							"id": "is-moving",
							"objectClass": "cat",
							"sid": 386583709138355,
							"behaviorType": "Platform"
						}
					],
					"actions": [
						{
							"id": "set-animation",
							"objectClass": "cat",
							"sid": 155762093165201,
							"parameters": {
								"animation": "\"wolk\"",
								"from": "beginning"
							}
						}
					],
					"sid": 879244598576445
				},
				{
					"eventType": "block",
					"conditions": [
						{
							"id": "on-landed",
							"objectClass": "cat",
							"sid": 951692004419796,
							"behaviorType": "Platform"
						},
						{
							"id": "is-moving",
							"objectClass": "cat",
							"sid": 466466521600108,
							"behaviorType": "Platform",
							"isInverted": true
						}
					],
					"actions": [
						{
							"id": "set-animation",
							"objectClass": "cat",
							"sid": 280284647264943,
							"parameters": {
								"animation": "\"idol\"",
								"from": "beginning"
							}
						}
					],
					"sid": 478328404646377
				},
				{
					"eventType": "block",
					"conditions": [
						{
							"id": "is-falling",
							"objectClass": "cat",
							"sid": 437130915701073,
							"behaviorType": "Platform"
						}
					],
					"actions": [
						{
							"id": "set-animation",
							"objectClass": "cat",
							"sid": 410366960417610,
							"parameters": {
								"animation": "\"fall\"",
								"from": "beginning"
							}
						}
					],
					"sid": 119638863268371
				}
			],
			"sid": 328653435491869
		},
		{
			"eventType": "block",
			"conditions": [
				{
					"id": "on-collision-with-another-object",
					"objectClass": "fish",
					"sid": 312793285781541,
					"parameters": {
						"object": "invisibleWall"
					}
				}
			],
			"actions": [],
			"sid": 333471132592741,
			"children": [
				{
					"eventType": "block",
					"conditions": [
						{
							"id": "compare-instance-variable",
							"objectClass": "fish",
							"sid": 654217128130451,
							"parameters": {
								"instance-variable": "Direzione",
								"comparison": 0,
								"value": "\"right\""
							}
						}
					],
					"actions": [
						{
							"id": "set-instvar-value",
							"objectClass": "fish",
							"sid": 309832469884855,
							"parameters": {
								"instance-variable": "Direzione",
								"value": "\"left\""
							}
						}
					],
					"sid": 621060408940909
				},
				{
					"eventType": "block",
					"conditions": [
						{
							"id": "else",
							"objectClass": "System",
							"sid": 168942035386234
						}
					],
					"actions": [
						{
							"id": "set-instvar-value",
							"objectClass": "fish",
							"sid": 793985007674648,
							"parameters": {
								"instance-variable": "Direzione",
								"value": "\"right\""
							}
						}
					],
					"sid": 417511195173022
				}
			]
		},
		{
			"eventType": "block",
			"conditions": [
				{
					"id": "compare-instance-variable",
					"objectClass": "fish",
					"sid": 828939854715472,
					"parameters": {
						"instance-variable": "Direzione",
						"comparison": 0,
						"value": "\"right\""
					}
				}
			],
			"actions": [
				{
					"id": "simulate-control",
					"objectClass": "fish",
					"sid": 788953180029929,
					"behaviorType": "Platform",
					"parameters": {
						"control": "right"
					}
				},
				{
					"id": "set-mirrored",
					"objectClass": "fish",
					"sid": 613180706226017,
					"parameters": {
						"state": "mirrored"
					}
				}
			],
			"sid": 187327244524557
		},
		{
			"eventType": "block",
			"conditions": [
				{
					"id": "compare-instance-variable",
					"objectClass": "fish",
					"sid": 642048560674198,
					"parameters": {
						"instance-variable": "Direzione",
						"comparison": 0,
						"value": "\"left\""
					}
				}
			],
			"actions": [
				{
					"id": "simulate-control",
					"objectClass": "fish",
					"sid": 159800827484423,
					"behaviorType": "Platform",
					"parameters": {
						"control": "left"
					}
				},
				{
					"id": "set-mirrored",
					"objectClass": "fish",
					"sid": 744244395300913,
					"parameters": {
						"state": "not-mirrored"
					}
				}
			],
			"sid": 357649025199062
		},
		{
			"eventType": "block",
			"conditions": [
				{
					"id": "on-collision-with-another-object",
					"objectClass": "cat",
					"sid": 848150334492294,
					"parameters": {
						"object": "fish"
					}
				}
			],
			"actions": [
				{
					"id": "destroy",
					"objectClass": "fish",
					"sid": 365207117943022
				}
			],
			"sid": 667170244851751
		},
		{
			"eventType": "block",
			"conditions": [
				{
					"id": "on-collision-with-another-object",
					"objectClass": "cat",
					"sid": 850120181769530,
					"parameters": {
						"object": "death"
					}
				}
			],
			"actions": [
				{
					"id": "flash",
					"objectClass": "cat",
					"sid": 106590204744234,
					"behaviorType": "Flash",
					"parameters": {
						"on-time": "0.15",
						"off-time": "0.15",
						"duration": "2"
					}
				},
				{
					"id": "wait",
					"objectClass": "System",
					"sid": 803581595653967,
					"parameters": {
						"seconds": "0.7"
					}
				},
				{
					"id": "set-position",
					"objectClass": "cat",
					"sid": 297450649958820,
					"parameters": {
						"x": "427",
						"y": "170"
					}
				}
			],
			"sid": 751352375342692
		}
	],
	"sid": 295267302492427
}