{"propertiesBar":{"properties":[{"name":"About","expanded":true,"children":[]},{"name":"Colors","expanded":true,"children":[]},{"name":"Startup","expanded":true,"children":[]},{"name":"Display","expanded":true,"children":[{"name":"Viewport size","expanded":false,"children":[]}]},{"name":"Advanced","expanded":false,"children":[]},{"name":"Editor","expanded":true,"children":[]}],"scrollPosition":0},"openTabs":{"active":{"name":"mainlevel","type":"layout"},"open":[{"name":"mainlevel","type":"layout"},{"name":"mainlevel","type":"eventSheet"},{"name":"gameover","type":"layout"},{"name":"gameover","type":"eventSheet"}]},"previewEffects":true,"previewBrowser":"default","pauseOnUnfocus":false,"projectBar":{"name":"<root>","children":[{"name":"platfom","expanded":true,"children":[{"name":"Layouts","expanded":true,"children":[{"name":"mainlevel","expanded":true,"children":[]},{"name":"gameover","expanded":true,"children":[]}]},{"name":"Event sheets","expanded":true,"children":[{"name":"gameover","expanded":true,"children":[]},{"name":"mainlevel","expanded":true,"children":[]}]},{"name":"Scripts","expanded":true,"children":[]},{"name":"Object types","expanded":true,"children":[{"name":"background","expanded":true,"children":[]},{"name":"box","expanded":true,"children":[]},{"name":"cat","expanded":true,"children":[]},{"name":"catfood","expanded":true,"children":[]},{"name":"catsand","expanded":true,"children":[]},{"name":"d7fwirva5d28b88f7c046e59a464ee808d","expanded":true,"children":[]},{"name":"death","expanded":true,"children":[]},{"name":"dontTouch","expanded":true,"children":[]},{"name":"enykey","expanded":true,"children":[]},{"name":"fish","expanded":true,"children":[]},{"name":"fork","expanded":true,"children":[]},{"name":"gameovermessage","expanded":true,"children":[]},{"name":"invisibleWall","expanded":true,"children":[]},{"name":"Keyboard","expanded":true,"children":[]},{"name":"lives","expanded":true,"children":[]},{"name":"platform","expanded":true,"children":[]},{"name":"pot","expanded":true,"children":[]},{"name":"Sprite2","expanded":true,"children":[]},{"name":"vacuum","expanded":true,"children":[]},{"name":"woodenshelf","expanded":true,"children":[]},{"name":"woolen","expanded":true,"children":[]}]},{"name":"Families","expanded":true,"children":[{"name":"character","expanded":false,"children":[{"name":"cat","expanded":true,"children":[]}]},{"name":"danger","expanded":false,"children":[{"name":"death","expanded":true,"children":[]},{"name":"fork","expanded":true,"children":[]},{"name":"vacuum","expanded":true,"children":[]}]},{"name":"solid","expanded":false,"children":[{"name":"box","expanded":true,"children":[]},{"name":"invisibleWall","expanded":true,"children":[]},{"name":"pot","expanded":true,"children":[]}]}]},{"name":"Timelines","expanded":true,"children":[{"name":"Eases","expanded":false,"children":[]},{"name":"Timeline 1","expanded":true,"children":[]}]},{"name":"Sounds","expanded":true,"children":[]},{"name":"Music","expanded":true,"children":[]},{"name":"Videos","expanded":true,"children":[]},{"name":"Fonts","expanded":true,"children":[{"name":"CITCAT.ttf","expanded":true,"children":[]}]},{"name":"Icons","expanded":false,"children":[{"name":"icon-128.png","expanded":true,"children":[]},{"name":"icon-16.png","expanded":true,"children":[]},{"name":"icon-256.png","expanded":true,"children":[]},{"name":"icon-32.png","expanded":true,"children":[]},{"name":"icon-512.png","expanded":true,"children":[]},{"name":"icon-64.png","expanded":true,"children":[]},{"name":"loading-logo.png","expanded":true,"children":[]}]},{"name":"Files","expanded":true,"children":[]}]}]},"propertiesBarActiveObject":{"name":"instances","type":"array"}}