{
	"name": "Layout 1",
	"layers": [
		{
			"name": "Layer 0",
			"overriden": 0,
			"instances": [
				{
					"type": "death",
					"properties": {
						"initially-visible": true,
						"initial-animation": "Animation 1",
						"initial-frame": 0,
						"enable-collisions": true,
						"live-preview": false
					},
					"uid": 9,
					"instanceVariables": {},
					"behaviors": {},
					"world": {
						"x": 843,
						"y": 541,
						"width": 1693,
						"height": 120,
						"originX": 0.5,
						"originY": 0.5,
						"color": [
							1,
							1,
							1,
							1
						],
						"angle": 0,
						"zElevation": 0
					}
				},
				{
					"type": "invisibleWall",
					"properties": {
						"initially-visible": true,
						"initial-animation": "Animation 1",
						"initial-frame": 0,
						"enable-collisions": true,
						"live-preview": false
					},
					"uid": 10,
					"instanceVariables": {},
					"behaviors": {
						"Solid": {
							"properties": {
								"enabled": false,
								"tags": ""
							}
						}
					},
					"world": {
						"x": 290.68658447265625,
						"y": 202.9650421142578,
						"width": 27,
						"height": 35,
						"originX": 0.5,
						"originY": 0.5,
						"color": [
							1,
							1,
							1,
							1
						],
						"angle": 0,
						"zElevation": 0
					}
				},
				{
					"type": "platform",
					"properties": {
						"initially-visible": true,
						"origin": "top-left",
						"wrap-horizontal": "repeat",
						"wrap-vertical": "repeat",
						"image-offset-x": 0,
						"image-offset-y": 0,
						"image-scale-x": 1,
						"image-scale-y": 1,
						"image-angle": 0
					},
					"uid": 11,
					"instanceVariables": {},
					"behaviors": {
						"Jumpthru": {
							"properties": {
								"enabled": true
							}
						}
					},
					"world": {
						"x": 530,
						"y": 114,
						"width": 413,
						"height": 37,
						"originX": 0,
						"originY": 0,
						"color": [
							1,
							1,
							1,
							1
						],
						"angle": 0,
						"zElevation": 0
					}
				},
				{
					"type": "invisibleWall",
					"properties": {
						"initially-visible": true,
						"initial-animation": "Animation 1",
						"initial-frame": 0,
						"enable-collisions": true,
						"live-preview": false
					},
					"uid": 12,
					"instanceVariables": {},
					"behaviors": {
						"Solid": {
							"properties": {
								"enabled": false,
								"tags": ""
							}
						}
					},
					"world": {
						"x": 929,
						"y": 95,
						"width": 27,
						"height": 35,
						"originX": 0.5,
						"originY": 0.5,
						"color": [
							1,
							1,
							1,
							1
						],
						"angle": 0,
						"zElevation": 0
					}
				},
				{
					"type": "invisibleWall",
					"properties": {
						"initially-visible": true,
						"initial-animation": "Animation 1",
						"initial-frame": 0,
						"enable-collisions": true,
						"live-preview": false
					},
					"uid": 14,
					"instanceVariables": {},
					"behaviors": {
						"Solid": {
							"properties": {
								"enabled": false,
								"tags": ""
							}
						}
					},
					"world": {
						"x": 543,
						"y": 95,
						"width": 27,
						"height": 35,
						"originX": 0.5,
						"originY": 0.5,
						"color": [
							1,
							1,
							1,
							1
						],
						"angle": 0,
						"zElevation": 0
					}
				},
				{
					"type": "platform",
					"properties": {
						"initially-visible": true,
						"origin": "top-left",
						"wrap-horizontal": "repeat",
						"wrap-vertical": "repeat",
						"image-offset-x": 0,
						"image-offset-y": 0,
						"image-scale-x": 1,
						"image-scale-y": 1,
						"image-angle": 0
					},
					"uid": 15,
					"instanceVariables": {},
					"behaviors": {
						"Jumpthru": {
							"properties": {
								"enabled": true
							}
						}
					},
					"world": {
						"x": 651,
						"y": 363,
						"width": 413,
						"height": 37,
						"originX": 0,
						"originY": 0,
						"color": [
							1,
							1,
							1,
							1
						],
						"angle": 0,
						"zElevation": 0
					}
				},
				{
					"type": "platform",
					"properties": {
						"initially-visible": true,
						"origin": "top-left",
						"wrap-horizontal": "repeat",
						"wrap-vertical": "repeat",
						"image-offset-x": 0,
						"image-offset-y": 0,
						"image-scale-x": 1,
						"image-scale-y": 1,
						"image-angle": 0
					},
					"uid": 16,
					"instanceVariables": {},
					"behaviors": {
						"Jumpthru": {
							"properties": {
								"enabled": true
							}
						}
					},
					"world": {
						"x": -8,
						"y": 67,
						"width": 413,
						"height": 37,
						"originX": 0,
						"originY": 0,
						"color": [
							1,
							1,
							1,
							1
						],
						"angle": 0,
						"zElevation": 0
					}
				},
				{
					"type": "platform",
					"properties": {
						"initially-visible": true,
						"origin": "top-left",
						"wrap-horizontal": "repeat",
						"wrap-vertical": "repeat",
						"image-offset-x": 0,
						"image-offset-y": 0,
						"image-scale-x": 1,
						"image-scale-y": 1,
						"image-angle": 0
					},
					"uid": 17,
					"instanceVariables": {},
					"behaviors": {
						"Jumpthru": {
							"properties": {
								"enabled": true
							}
						}
					},
					"world": {
						"x": 97,
						"y": 439,
						"width": 413,
						"height": 37,
						"originX": 0,
						"originY": 0,
						"color": [
							1,
							1,
							1,
							1
						],
						"angle": 0,
						"zElevation": 0
					}
				},
				{
					"type": "fish",
					"properties": {
						"initially-visible": true,
						"initial-animation": "idol",
						"initial-frame": 0,
						"enable-collisions": true,
						"live-preview": false
					},
					"uid": 18,
					"instanceVariables": {
						"Direzione": "right"
					},
					"behaviors": {
						"Platform": {
							"properties": {
								"max-speed": 330,
								"acceleration": 1500,
								"deceleration": 1500,
								"jump-strength": 650,
								"gravity": 1500,
								"max-fall-speed": 1000,
								"double-jump": false,
								"jump-sustain": 0,
								"default-controls": false,
								"enabled": true
							}
						}
					},
					"world": {
						"x": 289,
						"y": 441,
						"width": 40.729815202205096,
						"height": 36.982672203602235,
						"originX": 0.472,
						"originY": 1,
						"color": [
							1,
							1,
							1,
							1
						],
						"angle": 0,
						"zElevation": 0
					}
				},
				{
					"type": "invisibleWall",
					"properties": {
						"initially-visible": true,
						"initial-animation": "Animation 1",
						"initial-frame": 0,
						"enable-collisions": true,
						"live-preview": false
					},
					"uid": 19,
					"instanceVariables": {},
					"behaviors": {
						"Solid": {
							"properties": {
								"enabled": false,
								"tags": ""
							}
						}
					},
					"world": {
						"x": 109,
						"y": 420,
						"width": 27,
						"height": 35,
						"originX": 0.5,
						"originY": 0.5,
						"color": [
							1,
							1,
							1,
							1
						],
						"angle": 0,
						"zElevation": 0
					}
				},
				{
					"type": "invisibleWall",
					"properties": {
						"initially-visible": true,
						"initial-animation": "Animation 1",
						"initial-frame": 0,
						"enable-collisions": true,
						"live-preview": false
					},
					"uid": 20,
					"instanceVariables": {},
					"behaviors": {
						"Solid": {
							"properties": {
								"enabled": false,
								"tags": ""
							}
						}
					},
					"world": {
						"x": 495,
						"y": 421,
						"width": 27,
						"height": 35,
						"originX": 0.5,
						"originY": 0.5,
						"color": [
							1,
							1,
							1,
							1
						],
						"angle": 0,
						"zElevation": 0
					}
				}
			],
			"sid": 953458302273995,
			"effectTypes": [],
			"isInitiallyVisible": true,
			"color": [
				1,
				1,
				1,
				1
			],
			"backgroundColor": [
				0.2980392156862745,
				0.1803921568627451,
				0.3764705882352941,
				1
			],
			"isTransparent": false,
			"parallaxX": 1,
			"parallaxY": 1,
			"scaleRate": 1,
			"forceOwnTexture": false,
			"renderingMode": "3d",
			"drawOrder": "z-order",
			"useRenderCells": false,
			"blendMode": "normal",
			"zElevation": 0,
			"global": false
		},
		{
			"name": "platform",
			"overriden": 0,
			"instances": [
				{
					"type": "platform",
					"properties": {
						"initially-visible": true,
						"origin": "top-left",
						"wrap-horizontal": "repeat",
						"wrap-vertical": "repeat",
						"image-offset-x": 0,
						"image-offset-y": 0,
						"image-scale-x": 1,
						"image-scale-y": 1,
						"image-angle": 0
					},
					"uid": 5,
					"instanceVariables": {},
					"behaviors": {
						"Jumpthru": {
							"properties": {
								"enabled": true
							}
						}
					},
					"world": {
						"x": 251,
						"y": 243,
						"width": 359,
						"height": 32,
						"originX": 0,
						"originY": 0,
						"color": [
							1,
							1,
							1,
							1
						],
						"angle": 0,
						"zElevation": 0
					}
				},
				{
					"type": "platform",
					"properties": {
						"initially-visible": true,
						"origin": "top-left",
						"wrap-horizontal": "repeat",
						"wrap-vertical": "repeat",
						"image-offset-x": 0,
						"image-offset-y": 0,
						"image-scale-x": 1,
						"image-scale-y": 1,
						"image-angle": 0
					},
					"uid": 3,
					"instanceVariables": {},
					"behaviors": {
						"Jumpthru": {
							"properties": {
								"enabled": true
							}
						}
					},
					"world": {
						"x": -111,
						"y": 189,
						"width": 413,
						"height": 37,
						"originX": 0,
						"originY": 0,
						"color": [
							1,
							1,
							1,
							1
						],
						"angle": 0,
						"zElevation": 0
					}
				}
			],
			"sid": 537813199718637,
			"effectTypes": [],
			"isInitiallyVisible": true,
			"color": [
				1,
				1,
				1,
				1
			],
			"backgroundColor": [
				0.3686274509803922,
				0.3686274509803922,
				0.3686274509803922,
				1
			],
			"isTransparent": true,
			"parallaxX": 1,
			"parallaxY": 1,
			"scaleRate": 1,
			"forceOwnTexture": false,
			"renderingMode": "3d",
			"drawOrder": "z-order",
			"useRenderCells": false,
			"blendMode": "normal",
			"zElevation": 0,
			"global": false
		},
		{
			"name": "bg",
			"overriden": 0,
			"instances": [],
			"sid": 524905861345694,
			"effectTypes": [],
			"isInitiallyVisible": true,
			"color": [
				1,
				1,
				1,
				1
			],
			"backgroundColor": [
				0.3686274509803922,
				0.3686274509803922,
				0.3686274509803922,
				1
			],
			"isTransparent": true,
			"parallaxX": 1,
			"parallaxY": 1,
			"scaleRate": 1,
			"forceOwnTexture": false,
			"renderingMode": "3d",
			"drawOrder": "z-order",
			"useRenderCells": false,
			"blendMode": "normal",
			"zElevation": 0,
			"global": false
		},
		{
			"name": "character",
			"overriden": 0,
			"instances": [
				{
					"type": "cat",
					"properties": {
						"initially-visible": true,
						"initial-animation": "idol",
						"initial-frame": 1,
						"enable-collisions": true,
						"live-preview": false
					},
					"uid": 2,
					"instanceVariables": {},
					"behaviors": {
						"Platform": {
							"properties": {
								"max-speed": 330,
								"acceleration": 1500,
								"deceleration": 1500,
								"jump-strength": 600,
								"gravity": 1500,
								"max-fall-speed": 1000,
								"double-jump": true,
								"jump-sustain": 0,
								"default-controls": true,
								"enabled": true
							}
						},
						"ScrollTo": {
							"properties": {
								"enabled": true
							}
						},
						"Flash": {
							"properties": {}
						}
					},
					"world": {
						"x": 427,
						"y": 237,
						"width": 51.899845712317926,
						"height": 50.01941651984265,
						"originX": 0.5185185185185185,
						"originY": 0.9945652173913043,
						"color": [
							1,
							1,
							1,
							1
						],
						"angle": 0,
						"zElevation": 0
					}
				},
				{
					"type": "fish",
					"properties": {
						"initially-visible": true,
						"initial-animation": "idol",
						"initial-frame": 0,
						"enable-collisions": true,
						"live-preview": false
					},
					"uid": 6,
					"instanceVariables": {
						"Direzione": "right"
					},
					"behaviors": {
						"Platform": {
							"properties": {
								"max-speed": 330,
								"acceleration": 1500,
								"deceleration": 1500,
								"jump-strength": 650,
								"gravity": 1500,
								"max-fall-speed": 1000,
								"double-jump": false,
								"jump-sustain": 0,
								"default-controls": false,
								"enabled": true
							}
						}
					},
					"world": {
						"x": 173,
						"y": 187,
						"width": 40.729815202205096,
						"height": 36.982672203602235,
						"originX": 0.472,
						"originY": 1,
						"color": [
							1,
							1,
							1,
							1
						],
						"angle": 0,
						"zElevation": 0
					}
				},
				{
					"type": "invisibleWall",
					"properties": {
						"initially-visible": true,
						"initial-animation": "Animation 1",
						"initial-frame": 0,
						"enable-collisions": true,
						"live-preview": false
					},
					"uid": 7,
					"instanceVariables": {},
					"behaviors": {
						"Solid": {
							"properties": {
								"enabled": false,
								"tags": ""
							}
						}
					},
					"world": {
						"x": 249,
						"y": 169,
						"width": 27,
						"height": 35,
						"originX": 0.5,
						"originY": 0.5,
						"color": [
							1,
							1,
							1,
							1
						],
						"angle": 0,
						"zElevation": 0
					}
				},
				{
					"type": "invisibleWall",
					"properties": {
						"initially-visible": true,
						"initial-animation": "Animation 1",
						"initial-frame": 0,
						"enable-collisions": true,
						"live-preview": false
					},
					"uid": 8,
					"instanceVariables": {},
					"behaviors": {
						"Solid": {
							"properties": {
								"enabled": false,
								"tags": ""
							}
						}
					},
					"world": {
						"x": -10,
						"y": 170,
						"width": 27,
						"height": 35,
						"originX": 0.5,
						"originY": 0.5,
						"color": [
							1,
							1,
							1,
							1
						],
						"angle": 0,
						"zElevation": 0
					}
				},
				{
					"type": "fish",
					"properties": {
						"initially-visible": true,
						"initial-animation": "idol",
						"initial-frame": 0,
						"enable-collisions": true,
						"live-preview": false
					},
					"uid": 13,
					"instanceVariables": {
						"Direzione": "right"
					},
					"behaviors": {
						"Platform": {
							"properties": {
								"max-speed": 330,
								"acceleration": 1500,
								"deceleration": 1500,
								"jump-strength": 650,
								"gravity": 1500,
								"max-fall-speed": 1000,
								"double-jump": false,
								"jump-sustain": 0,
								"default-controls": false,
								"enabled": true
							}
						}
					},
					"world": {
						"x": 718,
						"y": 108,
						"width": 40.729815202205096,
						"height": 36.982672203602235,
						"originX": 0.472,
						"originY": 1,
						"color": [
							1,
							1,
							1,
							1
						],
						"angle": 0,
						"zElevation": 0
					}
				}
			],
			"sid": 582801150918946,
			"effectTypes": [],
			"isInitiallyVisible": true,
			"color": [
				1,
				1,
				1,
				1
			],
			"backgroundColor": [
				0.3686274509803922,
				0.3686274509803922,
				0.3686274509803922,
				1
			],
			"isTransparent": true,
			"parallaxX": 1,
			"parallaxY": 1,
			"scaleRate": 1,
			"forceOwnTexture": false,
			"renderingMode": "3d",
			"drawOrder": "z-order",
			"useRenderCells": false,
			"blendMode": "normal",
			"zElevation": 0,
			"global": false
		}
	],
	"sid": 348722698072190,
	"nonworld-instances": [],
	"effectTypes": [],
	"width": 1708,
	"height": 960,
	"unboundedScrolling": false,
	"vpX": 0.5,
	"vpY": 0.5,
	"projection": "perspective",
	"eventSheet": "Event sheet 1"
}