{
	"name": "mainlevel",
	"events": [
		{
			"eventType": "variable",
			"name": "lives",
			"type": "number",
			"initialValue": "2",
			"comment": "",
			"isStatic": false,
			"isConstant": false,
			"sid": 326520489566265
		},
		{
			"eventType": "group",
			"disabled": false,
			"title": "cat animation",
			"description": "",
			"isActiveOnStart": true,
			"children": [
				{
					"eventType": "block",
					"conditions": [
						{
							"id": "on-moved",
							"objectClass": "cat",
							"sid": 841392164148832,
							"behaviorType": "Platform"
						}
					],
					"actions": [
						{
							"id": "set-animation",
							"objectClass": "cat",
							"sid": 674091290577658,
							"parameters": {
								"animation": "\"wolk\"",
								"from": "beginning"
							}
						}
					],
					"sid": 911887794414963
				},
				{
					"eventType": "block",
					"conditions": [
						{
							"id": "on-stopped",
							"objectClass": "cat",
							"sid": 165879406832364,
							"behaviorType": "Platform"
						}
					],
					"actions": [
						{
							"id": "set-animation",
							"objectClass": "cat",
							"sid": 901964613231844,
							"parameters": {
								"animation": "\"idol\"",
								"from": "beginning"
							}
						}
					],
					"sid": 743133649378762
				},
				{
					"eventType": "block",
					"conditions": [
						{
							"id": "on-key-pressed",
							"objectClass": "Keyboard",
							"sid": 115383958461525,
							"parameters": {
								"key": 37
							}
						}
					],
					"actions": [
						{
							"id": "set-mirrored",
							"objectClass": "cat",
							"sid": 818166323211090,
							"parameters": {
								"state": "mirrored"
							}
						}
					],
					"sid": 463268249807059
				},
				{
					"eventType": "block",
					"conditions": [
						{
							"id": "on-key-pressed",
							"objectClass": "Keyboard",
							"sid": 196842892927391,
							"parameters": {
								"key": 39
							}
						}
					],
					"actions": [
						{
							"id": "set-mirrored",
							"objectClass": "cat",
							"sid": 425589939233323,
							"parameters": {
								"state": "not-mirrored"
							}
						}
					],
					"sid": 664519466922279
				},
				{
					"eventType": "block",
					"conditions": [
						{
							"id": "on-key-pressed",
							"objectClass": "Keyboard",
							"sid": 479637944762064,
							"parameters": {
								"key": 40
							}
						}
					],
					"actions": [
						{
							"id": "set-animation",
							"objectClass": "cat",
							"sid": 614449695129683,
							"parameters": {
								"animation": "\"wolk_to_idol\"",
								"from": "beginning"
							}
						}
					],
					"sid": 990211126667205
				},
				{
					"eventType": "block",
					"conditions": [
						{
							"id": "on-key-pressed",
							"objectClass": "Keyboard",
							"sid": 439030814561296,
							"parameters": {
								"key": 38
							}
						}
					],
					"actions": [
						{
							"id": "set-animation",
							"objectClass": "cat",
							"sid": 322880847722955,
							"parameters": {
								"animation": "\"idol\"",
								"from": "beginning"
							}
						}
					],
					"sid": 532393097493745
				},
				{
					"eventType": "block",
					"conditions": [
						{
							"id": "on-jump",
							"objectClass": "cat",
							"sid": 344663030686527,
							"behaviorType": "Platform"
						}
					],
					"actions": [
						{
							"id": "set-animation",
							"objectClass": "cat",
							"sid": 589821735812065,
							"parameters": {
								"animation": "\"jump\"",
								"from": "beginning"
							}
						}
					],
					"sid": 627885537341412
				},
				{
					"eventType": "block",
					"conditions": [
						{
							"id": "on-landed",
							"objectClass": "cat",
							"sid": 546141641486470,
							"behaviorType": "Platform"
						},
						{
							"id": "is-moving",
							"objectClass": "cat",
							"sid": 386583709138355,
							"behaviorType": "Platform"
						}
					],
					"actions": [
						{
							"id": "set-animation",
							"objectClass": "cat",
							"sid": 155762093165201,
							"parameters": {
								"animation": "\"wolk\"",
								"from": "beginning"
							}
						}
					],
					"sid": 879244598576445
				},
				{
					"eventType": "block",
					"conditions": [
						{
							"id": "on-landed",
							"objectClass": "cat",
							"sid": 951692004419796,
							"behaviorType": "Platform"
						},
						{
							"id": "is-moving",
							"objectClass": "cat",
							"sid": 466466521600108,
							"behaviorType": "Platform",
							"isInverted": true
						}
					],
					"actions": [
						{
							"id": "set-animation",
							"objectClass": "cat",
							"sid": 280284647264943,
							"parameters": {
								"animation": "\"idol\"",
								"from": "beginning"
							}
						}
					],
					"sid": 478328404646377
				},
				{
					"eventType": "block",
					"conditions": [
						{
							"id": "is-falling",
							"objectClass": "cat",
							"sid": 437130915701073,
							"behaviorType": "Platform"
						}
					],
					"actions": [
						{
							"id": "set-animation",
							"objectClass": "cat",
							"sid": 410366960417610,
							"parameters": {
								"animation": "\"fall\"",
								"from": "beginning"
							}
						}
					],
					"sid": 119638863268371
				},
				{
					"eventType": "block",
					"conditions": [
						{
							"id": "on-collision-with-another-object",
							"objectClass": "cat",
							"sid": 958585172575399,
							"parameters": {
								"object": "danger"
							}
						}
					],
					"actions": [
						{
							"id": "flash",
							"objectClass": "cat",
							"sid": 911843351525981,
							"behaviorType": "Flash",
							"parameters": {
								"on-time": "0.15",
								"off-time": "0.15",
								"duration": "2"
							}
						},
						{
							"id": "wait",
							"objectClass": "System",
							"sid": 636339348575504,
							"parameters": {
								"seconds": "0.7"
							}
						},
						{
							"id": "destroy",
							"objectClass": "cat",
							"sid": 940383290091472
						}
					],
					"sid": 271539669791049
				},
				{
					"eventType": "block",
					"conditions": [
						{
							"id": "on-collision-with-another-object",
							"objectClass": "cat",
							"sid": 703449643888352,
							"parameters": {
								"object": "woodenshelf"
							}
						}
					],
					"actions": [
						{
							"id": "destroy",
							"objectClass": "woodenshelf",
							"sid": 640570392008878
						},
						{
							"id": "destroy",
							"objectClass": "dontTouch",
							"sid": 411462087663563
						}
					],
					"sid": 634153739177851
				}
			],
			"sid": 328653435491869
		},
		{
			"eventType": "group",
			"disabled": false,
			"title": "fish AI",
			"description": "",
			"isActiveOnStart": true,
			"children": [
				{
					"eventType": "block",
					"conditions": [
						{
							"id": "on-collision-with-another-object",
							"objectClass": "fish",
							"sid": 373509943954041,
							"parameters": {
								"object": "invisibleWall"
							}
						}
					],
					"actions": [],
					"sid": 819210613377272,
					"children": [
						{
							"eventType": "block",
							"conditions": [
								{
									"id": "compare-instance-variable",
									"objectClass": "fish",
									"sid": 901041245703461,
									"parameters": {
										"instance-variable": "Direzione",
										"comparison": 0,
										"value": "\"right\""
									}
								}
							],
							"actions": [
								{
									"id": "set-instvar-value",
									"objectClass": "fish",
									"sid": 116403234228666,
									"parameters": {
										"instance-variable": "Direzione",
										"value": "\"left\""
									}
								}
							],
							"sid": 482855366319355
						},
						{
							"eventType": "block",
							"conditions": [
								{
									"id": "else",
									"objectClass": "System",
									"sid": 714782172592530
								}
							],
							"actions": [
								{
									"id": "set-instvar-value",
									"objectClass": "fish",
									"sid": 941440324804380,
									"parameters": {
										"instance-variable": "Direzione",
										"value": "\"right\""
									}
								}
							],
							"sid": 369013351010958
						}
					]
				},
				{
					"eventType": "block",
					"conditions": [
						{
							"id": "compare-instance-variable",
							"objectClass": "fish",
							"sid": 596289436312418,
							"parameters": {
								"instance-variable": "Direzione",
								"comparison": 0,
								"value": "\"right\""
							}
						}
					],
					"actions": [
						{
							"id": "simulate-control",
							"objectClass": "fish",
							"sid": 275638676703453,
							"behaviorType": "Platform",
							"parameters": {
								"control": "right"
							}
						},
						{
							"id": "set-mirrored",
							"objectClass": "fish",
							"sid": 402670391856069,
							"parameters": {
								"state": "mirrored"
							}
						}
					],
					"sid": 534177287624199
				},
				{
					"eventType": "block",
					"conditions": [
						{
							"id": "compare-instance-variable",
							"objectClass": "fish",
							"sid": 877717124215765,
							"parameters": {
								"instance-variable": "Direzione",
								"comparison": 0,
								"value": "\"left\""
							}
						}
					],
					"actions": [
						{
							"id": "simulate-control",
							"objectClass": "fish",
							"sid": 843621875853574,
							"behaviorType": "Platform",
							"parameters": {
								"control": "left"
							}
						},
						{
							"id": "set-mirrored",
							"objectClass": "fish",
							"sid": 836892796227697,
							"parameters": {
								"state": "not-mirrored"
							}
						}
					],
					"sid": 386933416162082
				},
				{
					"eventType": "block",
					"conditions": [
						{
							"id": "on-collision-with-another-object",
							"objectClass": "cat",
							"sid": 184049919933078,
							"parameters": {
								"object": "fish"
							}
						}
					],
					"actions": [
						{
							"id": "destroy",
							"objectClass": "fish",
							"sid": 144100378618762
						}
					],
					"sid": 941672774873348
				}
			],
			"sid": 652229957083159
		},
		{
			"eventType": "group",
			"disabled": false,
			"title": "life & death",
			"description": "",
			"isActiveOnStart": true,
			"children": [
				{
					"eventType": "block",
					"conditions": [
						{
							"id": "on-destroyed",
							"objectClass": "cat",
							"sid": 556288832206343
						}
					],
					"actions": [
						{
							"id": "subtract-from-eventvar",
							"objectClass": "System",
							"sid": 481920364962626,
							"parameters": {
								"variable": "lives",
								"value": "1"
							}
						}
					],
					"sid": 160385358970983,
					"children": [
						{
							"eventType": "block",
							"conditions": [
								{
									"id": "compare-eventvar",
									"objectClass": "System",
									"sid": 449052055901732,
									"parameters": {
										"variable": "lives",
										"comparison": 4,
										"value": "0"
									}
								}
							],
							"actions": [
								{
									"id": "restart-layout",
									"objectClass": "System",
									"sid": 507515448470375
								}
							],
							"sid": 722884489129742
						},
						{
							"eventType": "block",
							"conditions": [
								{
									"id": "else",
									"objectClass": "System",
									"sid": 304914516559590
								}
							],
							"actions": [
								{
									"id": "go-to-layout",
									"objectClass": "System",
									"sid": 551020883967319,
									"parameters": {
										"layout": "gameover"
									}
								}
							],
							"sid": 805210326033889
						}
					]
				},
				{
					"eventType": "block",
					"conditions": [
						{
							"id": "on-start-of-layout",
							"objectClass": "System",
							"sid": 912439284426449
						}
					],
					"actions": [
						{
							"id": "set-text",
							"objectClass": "lives",
							"sid": 921964601732072,
							"parameters": {
								"text": "lives "
							}
						}
					],
					"sid": 506065876113323
				}
			],
			"sid": 406139549880583
		},
		{
			"eventType": "group",
			"disabled": false,
			"title": "object interactions",
			"description": "",
			"isActiveOnStart": true,
			"children": [
				{
					"eventType": "block",
					"conditions": [
						{
							"id": "on-collision-with-another-object",
							"objectClass": "cat",
							"sid": 148414976019358,
							"parameters": {
								"object": "woolen"
							}
						}
					],
					"actions": [
						{
							"id": "add-child",
							"objectClass": "cat",
							"sid": 797065271255358,
							"parameters": {
								"child": "woolen",
								"transform-x": true,
								"transform-y": true,
								"transform-w": true,
								"transform-h": true,
								"transform-a": true,
								"transform-z-elevation": true,
								"destroy-with-parent": false
							}
						},
						{
							"id": "set-position-to-another-object",
							"objectClass": "woolen",
							"sid": 605679366688585,
							"parameters": {
								"object": "cat",
								"image-point-optional": "0"
							}
						}
					],
					"sid": 784708564930605
				},
				{
					"eventType": "block",
					"conditions": [
						{
							"id": "on-collision-with-another-object",
							"objectClass": "cat",
							"sid": 929048864102598,
							"parameters": {
								"object": "box"
							}
						},
						{
							"id": "pick-children",
							"objectClass": "cat",
							"sid": 895593763741133,
							"parameters": {
								"child": "woolen",
								"which": "own"
							}
						}
					],
					"actions": [
						{
							"id": "destroy",
							"objectClass": "box",
							"sid": 327302928031266
						}
					],
					"sid": 360566548758350
				},
				{
					"eventType": "block",
					"conditions": [
						{
							"id": "on-collision-with-another-object",
							"objectClass": "woolen",
							"sid": 731575381027892,
							"parameters": {
								"object": "cat"
							}
						}
					],
					"actions": [
						{
							"id": "set-period",
							"objectClass": "woolen",
							"sid": 211028355512293,
							"behaviorType": "Sine",
							"parameters": {
								"period": "0"
							}
						}
					],
					"sid": 203093777915293
				},
				{
					"eventType": "block",
					"conditions": [
						{
							"id": "on-collision-with-another-object",
							"objectClass": "cat",
							"sid": 318316463681605,
							"parameters": {
								"object": "box"
							}
						}
					],
					"actions": [
						{
							"id": "destroy",
							"objectClass": "woolen",
							"sid": 995394892529307
						}
					],
					"sid": 917974676090115
				},
				{
					"eventType": "block",
					"conditions": [
						{
							"id": "on-collision-with-another-object",
							"objectClass": "cat",
							"sid": 961530456316588,
							"parameters": {
								"object": "catsand"
							}
						},
						{
							"id": "pick-nth-child",
							"objectClass": "catsand",
							"sid": 606863350567953,
							"parameters": {
								"child": "pot",
								"instance": "0"
							}
						}
					],
					"actions": [
						{
							"id": "set-animation",
							"objectClass": "catsand",
							"sid": 862311967690588,
							"parameters": {
								"animation": "\"pressed\"",
								"from": "beginning"
							}
						}
					],
					"sid": 123702625564571
				},
				{
					"eventType": "block",
					"conditions": [
						{
							"id": "on-animation-finished",
							"objectClass": "catsand",
							"sid": 645926883482836,
							"parameters": {
								"animation": "\"pressed\""
							}
						}
					],
					"actions": [
						{
							"id": "destroy",
							"objectClass": "pot",
							"sid": 530105167441158
						}
					],
					"sid": 376402133477560
				}
			],
			"sid": 269235496155154
		},
		{
			"eventType": "block",
			"conditions": [
				{
					"id": "has-los-to-object",
					"objectClass": "vacuum",
					"sid": 641028310795030,
					"behaviorType": "LineOfSight",
					"parameters": {
						"object": "cat",
						"image-point": "0"
					}
				}
			],
			"actions": [],
			"sid": 827913303066242,
			"children": [
				{
					"eventType": "block",
					"conditions": [
						{
							"id": "compare-x",
							"objectClass": "cat",
							"sid": 976490036277037,
							"parameters": {
								"comparison": 2,
								"x-co-ordinate": "vacuum.X"
							}
						}
					],
					"actions": [
						{
							"id": "simulate-control",
							"objectClass": "vacuum",
							"sid": 941072962362560,
							"behaviorType": "Platform",
							"parameters": {
								"control": "left"
							}
						},
						{
							"id": "set-mirrored",
							"objectClass": "vacuum",
							"sid": 747071912760193,
							"parameters": {
								"state": "mirrored"
							}
						}
					],
					"sid": 676757857476359
				},
				{
					"eventType": "block",
					"conditions": [
						{
							"id": "else",
							"objectClass": "System",
							"sid": 653286286038338
						}
					],
					"actions": [
						{
							"id": "simulate-control",
							"objectClass": "vacuum",
							"sid": 719078911962310,
							"behaviorType": "Platform",
							"parameters": {
								"control": "right"
							}
						},
						{
							"id": "set-mirrored",
							"objectClass": "vacuum",
							"sid": 615201952238436,
							"parameters": {
								"state": "not-mirrored"
							}
						}
					],
					"sid": 653793374058188
				}
			]
		}
	],
	"sid": 295267302492427
}